{
    "rabbit_version": "3.9.12",
    "policies": [],
    "parameters": [],
    "topic_permissions": [],
    "global_parameters": [
        {
            "name": "cluster_name",
            "value": "keycloak-rabbit"
        }
    ],
    "users": [
        {
            "name": "admin",
            "password_hash": "K+OWVyBYxXpSXqwJjrbuK7ARnOrNVl87TRl+SkdUTpBkLYAF",
            "hashing_algorithm": "rabbit_password_hashing_sha256",
            "tags": "administrator"
        }
    ],
    "permissions": [
        {
            "user": "admin",
            "vhost": "keycloak_test",
            "configure": ".*",
            "write": ".*",
            "read": ".*"
        }
    ],
    "vhosts": [
        {
            "name": "keycloak_test"
        }
    ],
    "bindings": [],
    "queues": [],
    "exchanges": []
}